,维度,CR,平均迭代次数,平均进化次数,成功率,最优值,时间
0,1,1,[15.5],[510.5],[1.0],[-3.1051242568681308],[0.007224933306376139]
